{"trial_id": "19", "hyperparameters": {"space": [{"class_name": "Int", "config": {"name": "seq_length", "default": null, "conditions": [], "min_value": 20, "max_value": 120, "step": 10, "sampling": "linear"}}, {"class_name": "Int", "config": {"name": "filters", "default": null, "conditions": [], "min_value": 32, "max_value": 128, "step": 16, "sampling": "linear"}}, {"class_name": "Float", "config": {"name": "dropout", "default": 0.1, "conditions": [], "min_value": 0.1, "max_value": 0.5, "step": 0.1, "sampling": "linear"}}, {"class_name": "Float", "config": {"name": "lr", "default": 0.0001, "conditions": [], "min_value": 0.0001, "max_value": 0.01, "step": null, "sampling": "log"}}], "values": {"seq_length": 50, "filters": 32, "dropout": 0.1, "lr": 0.00014612415186121279}}, "metrics": {"metrics": {"val_loss": {"direction": "min", "observations": [{"value": [0.019989876076579094], "step": 0}]}}}, "score": 0.019989876076579094, "best_step": 0, "status": "COMPLETED", "message": null}