Date,Close,High,Low,Open,Volume,Next_Close,Target,HL_Pct,OC_Pct,SMA_10,SMA_30,EMA_12,EMA_26,MACD,MACD_Signal,MACD_Hist,RSI,Volume_SMA_10,Volume_Ratio,Return_Lag_1,Return_Lag_3,Return_Lag_5
2024-12-23,225.05999755859372,226.8800048828125,223.8999938964844,225.00999450683597,28070000,229.0500030517578,1.7728630305015907,1.3240962492911517,0.022222591430815987,226.95999755859376,215.23833312988282,224.07363896938108,219.31048332234838,4.763155647032704,5.0398573159025615,-0.27670166886985736,62.62495175671853,39660740.0,0.7077528054191626,0.0006224408269079884,0.020587670951264236,-0.03378695472738835
2024-12-24,229.0500030517578,229.13999938964844,226.1300048828125,226.94000244140625,15007500,227.0500030517578,-0.8731717849172285,1.3141211380624942,0.9297614292995103,227.36099853515626,215.97866668701172,224.8392334435929,220.03192922823055,4.807304215362336,4.993346695794517,-0.18604248043218075,62.02253073743911,38041500.0,0.3945033713181657,0.017728630305015924,0.025796094490647015,-0.009084970366328604
2024-12-26,227.0500030517578,228.5,226.6699981689453,228.5,16146700,223.75,-1.453425680424039,0.8059906656938138,-0.6345719685961433,227.03999938964844,216.58333333333334,225.179351844849,220.55178654849183,4.627565296357176,4.920190415907049,-0.29262511954987325,57.23831325333959,36117590.0,0.44705917532149847,-0.00873171784917226,0.009470055575994563,0.029611820482412288
2024-12-27,223.75,226.02999877929688,220.8999938964844,225.6000061035156,27367100,221.3000030517578,-1.094970703125,2.2927396124301547,-0.8200381442661527,226.51799926757812,216.90499979654948,224.9594515610261,220.78869124860356,4.170760312422544,4.7703043952101485,-0.5995440827876042,46.06903034204291,36033890.0,0.7594822540669354,-0.014534256804240364,-0.0058206592588835315,0.0020601313435382185
2024-12-30,221.3000030517578,223.0,218.42999267578125,220.05999755859372,28321200,219.38999938964844,-0.8630834323407858,2.065073321824543,0.563485189003478,225.9019989013672,217.23233337402343,224.39645948267713,220.82656619698534,3.5698932856917907,4.530222173306477,-0.9603288876146863,44.459869140689094,35989200.0,0.7869360808242473,-0.010949707031249978,-0.03383540666554263,-0.016094589839309892
2024-12-31,219.38999938964844,223.22999572753903,218.94000244140625,222.97000122070312,24819700,220.22000122070312,0.37832254586069786,1.9554187966943404,-1.6055979779589644,224.5479995727539,217.79166666666666,223.62623485298042,220.72015384088633,2.9060810120940914,4.205393941064,-1.2993129289699086,43.592653349391604,34715960.0,0.7149363001916121,-0.008630834323407832,-0.033737077996705445,-0.025193273928962534
2025-01-02,220.22000122070312,225.1499938964844,218.19000244140625,222.02999877929688,33956600,224.19000244140625,1.8027432561515673,3.1604719900545697,-0.8152040573548491,223.4550003051758,218.40900014241535,223.10219890955312,220.68310549865055,2.419093410902576,3.8481338350317156,-1.4290404241291395,37.355161491549794,34516810.0,0.9837699370248872,0.003783225458606987,-0.015776530857192772,-0.03855054229822208
2025-01-03,224.19000244140625,225.3600006103516,221.6199951171875,222.50999450683597,27515600,227.6100006103516,1.52549093701856,1.6682302745152828,0.7550258307694447,223.8220001220703,219.0616668701172,223.269553299069,220.9428756425584,2.3266776565106113,3.543842599327495,-1.2171649428168836,44.36054545703306,32940230.0,0.8353190005048537,0.018027432561515733,0.013059192723881452,-0.012596346936404101
2025-01-06,227.6100006103516,228.83999633789065,224.83999633789065,226.77999877929688,31849800,222.1100006103516,-2.416414035082544,1.7573920255145776,0.3659942832359201,224.25400085449218,219.88600006103516,223.93731442388173,221.4367367512838,2.5005776725979274,3.3351896139815818,-0.8346119413836544,50.16933164472536,32133340.0,0.991176142909514,0.015254909370185699,0.03746752925644525,0.017251399375872944
2025-01-07,222.1100006103516,228.3800048828125,221.4600067138672,227.8999938964844,28084200,222.1300048828125,0.00900647085045155,3.115572531596671,-2.5405850992531023,223.9730010986328,220.6769999186198,223.65618922180016,221.4866081482518,2.1695810735483576,3.1020679058949368,-0.9324868323465791,37.793328065745065,26113840.0,1.0754527101337834,-0.02416414035082548,0.008582323945018677,0.0036601787050329904
2025-01-08,222.1300048828125,223.5200042724609,220.1999969482422,223.19000244140625,25033300,218.94000244140625,-1.4360970473525971,1.4946235318232823,-0.4749305735018438,223.68000183105468,221.5106669108073,223.42139163118668,221.53426716562666,1.8871244655600208,2.859079217827954,-0.971954752267933,39.403207787719246,25810170.0,0.9699006244437754,9.006470850447812e-05,-0.009188623650299266,0.012489199602474521
2025-01-10,218.94000244140625,221.7100067138672,216.5,221.4600067138672,36811500,218.4600067138672,-0.21923619356290142,2.3796504319769127,-1.137904902042587,222.66900177001952,222.09366709391276,222.73194714045124,221.342099408277,1.3898477321742462,2.565232920697212,-1.175385188522966,47.750567533807676,27990570.0,1.3151393487163712,-0.014360970473526025,-0.03809146410832631,-0.0058123638734071115
2025-01-13,218.4600067138672,219.3999938964844,216.47000122070312,218.05999755859372,27262700,217.75999450683597,-0.32043036964110233,1.341203234337945,0.18343995219296544,221.81000213623048,222.4470006306966,222.0747255363614,221.12861106054294,0.9461144758184616,2.2414092317214624,-1.2952947559030008,42.64394752057589,29102170.0,0.93679268590624,-0.0021923619356289947,-0.016433271291046436,-0.025558658571479542
2025-01-14,217.75999450683597,221.82000732421875,216.1999969482422,220.44000244140625,24711700,223.3500061035156,2.567051679689562,2.5808277542917266,-1.2157539035060754,221.21100158691405,222.84766693115233,221.41092076258826,220.87908390841648,0.5318368541717859,1.8994947562115272,-1.3676579020397412,38.77743231608154,28836630.0,0.8569551989951669,-0.003204303696411004,-0.019673210642038197,-0.043275805443970694
2025-01-15,223.3500061035156,223.57000732421875,220.75,222.8300018310547,31291300,220.66000366210935,-1.2043887924316956,1.2625955886080282,0.23336367104424566,221.41600189208984,223.36300048828124,221.7092415842694,221.0621151821275,0.647126402141879,1.6490210853975975,-1.0018946832557185,47.71085705694811,29133640.0,1.0740607764769523,0.02567051679689558,0.020142521297767724,0.005582844040144641
2025-01-16,220.66000366210935,224.6499938964844,220.30999755859372,224.4199981689453,24757300,225.94000244140625,2.392820942476744,1.966825100092176,-1.6754275632804387,221.54300231933593,223.69466705322264,221.54782036547553,221.03232914360765,0.515491221867876,1.4223151126916533,-0.9068238908237773,38.363395871030484,29127400.0,0.8499660113844696,-0.012043887924316987,0.010070479175273706,-0.006617751714716236
2025-01-17,225.94000244140625,226.50999450683597,223.0800018310547,225.83999633789065,42370100,230.7100067138672,2.1111818274402108,1.518098892944285,0.04428183897327574,222.11500244140626,224.11133371988933,222.22354068484947,221.39586049900012,0.8276801858493457,1.3033881273231918,-0.4757079414738461,48.58886384771795,29968750.0,1.4138093847758082,0.023928209424767477,0.03756432834734258,0.031972229478134606
2025-01-21,230.7100067138672,231.77999877929688,226.94000244140625,228.8999938964844,39951500,235.00999450683597,1.8638063663626605,2.0978701387206495,0.7907439343145318,222.76700286865236,224.52966715494793,223.5291508431599,222.08579725565696,1.4433535875029406,1.3313812193591414,0.11197236814379918,58.52941297467231,31212340.0,1.2799905422022186,0.021111818274402117,0.03295276655125967,0.056074336828363824
2025-01-22,235.00999450683597,235.44000244140625,231.19000244140625,232.0200042724609,41448200,235.4199981689453,0.1744622236044605,1.8084337259436751,1.2886777774833216,223.5070022583008,225.01166687011718,225.29543448372544,223.04314520018875,2.2522892835366974,1.5155628321946528,0.7367264513420446,66.07266542449824,32172180.0,1.2883242602770468,0.018638063663626525,0.06503213362898497,0.0792156522554397
2025-01-23,235.4199981689453,235.5200042724609,231.50999450683597,234.1000061035156,26404400,234.8500061035156,-0.24211709704486128,1.703342875207749,0.5638581935132606,224.83800201416017,225.2913335164388,226.85305966606694,223.95994912380036,2.8931105422665837,1.791072374209039,1.1020381680575446,69.47750822453807,32004200.0,0.8250292149155424,0.0017446222360446573,0.04195802259494763,0.05404070622606416
2025-01-24,234.8500061035156,236.3999938964844,232.92999267578125,234.5,25890700,235.4199981689453,0.24270472668349802,1.4775393359681965,0.1492563341217896,226.11000213623046,225.58333384195964,228.08335911798213,224.76662001118666,3.316739106795467,2.0962057207263247,1.220533386069142,67.88945908750307,32089940.0,0.8068167157682439,-0.002421170970448583,0.017944602614410776,0.06430708876056679
2025-01-27,235.4199981689453,235.6100006103516,225.8600006103516,226.2100067138672,49428300,238.1499938964844,1.1596277923594045,4.141534311372762,4.071434146026897,227.75800170898438,225.92933400472006,229.2120728181303,225.5557591339836,3.65631368414671,2.4082273134104017,1.2480863707363081,64.97731939461404,33351620.0,1.482035955075046,0.0024270472668350695,0.0017446222360446573,0.04195802259494763
2025-01-28,238.1499938964844,241.7700042724609,233.97999572753903,234.2899932861328,41587200,237.07000732421875,-0.453490069260756,3.271051330913711,1.6475311455737094,229.72700042724608,226.192333984375,230.58713759941554,226.48866541268737,4.0984721867281735,2.746276288073956,1.3521958986542173,64.32064186422582,34784070.0,1.1955817706208618,0.011596277923594078,0.011596277923594078,0.032248220563074526
2025-01-29,237.07000732421875,240.38999938964844,236.1499938964844,239.0200042724609,26091700,234.63999938964844,-1.0250170242948595,1.788503548390822,-0.815830019825178,231.6580017089844,226.46233418782552,231.58450217246218,227.27246851724524,4.312033655216936,3.059427761502552,1.2526058937143842,73.10069720153335,34922070.0,0.7471407050040275,-0.004534900692607535,0.009452847191856684,0.008765639187838348
2025-01-30,234.63999938964844,237.9499969482422,232.22000122070312,237.13999938964844,32020700,237.67999267578125,1.2955989149507845,2.442037053547594,-1.054229571744331,232.78700103759766,226.70166727701823,232.05457866741392,227.81821154483066,4.23636712258326,3.294815633718694,0.9415514888645666,67.9792999727631,34995010.0,0.915007596797372,-0.010250170242948609,-0.0033132222638839748,-0.0033132222638839748
2025-01-31,237.67999267578125,240.2899932861328,236.41000366210935,236.5,36110200,237.4199981689453,-0.10938846972727545,1.6324426723271366,0.49893982062632136,234.48899993896484,226.86000061035156,232.9200269763935,228.548713850827,4.371313125566502,3.5101151320882558,0.8611979934782461,77.04965187567777,36130300.0,0.9994436802351488,0.012955989149507907,-0.0019735512607548245,0.01205018734816754
2025-02-03,237.4199981689453,239.25,232.8999938964844,234.05999755859372,37285900,242.05999755859372,1.9543422733693392,2.6745877148044648,1.4355296271890547,235.63699951171876,227.06900075276693,233.61233023678608,229.20584602253948,4.406484214246603,3.689388948519926,0.7170952657266776,77.54212793273003,35621880.0,1.0467134244458742,-0.0010938846972727845,0.0014763185300277204,0.008495454997687668
2025-02-04,242.05999755859372,242.5200042724609,238.02999877929688,239.00999450683597,29713800,236.1699981689453,-2.433280777102652,1.8549142933363745,1.276098540586562,236.7719985961914,227.78700052897136,234.91197136321802,230.15800539558055,4.75396596763747,3.902304352343435,0.8516616152940348,81.67364702447402,34598110.0,0.8588272596393272,0.019543422733693472,0.0316229039730922,0.01641823960662725
2025-02-05,236.1699981689453,238.32000732421875,235.1999969482422,237.0200042724609,38727300,238.8300018310547,1.1263088803542816,1.3210866749233103,-0.3586220944197147,236.88799896240235,228.2163340250651,235.10551394871453,230.60333819360756,4.502175755106975,4.0222786328961435,0.4798971222108319,66.58045270421479,34326020.0,1.128219933449902,-0.024332807771026532,-0.006353056855297523,-0.003796385571636529
2025-02-06,238.8300018310547,239.66000366210935,236.00999450683597,238.00999450683597,60897100,229.1499938964844,-4.053095448794494,1.5282875381189969,0.34452642458053157,237.22899932861327,228.68000081380208,235.6785120844592,231.21272068527028,4.465791399188902,4.110981186154695,0.3548102130342068,73.51801372462971,37775290.0,1.6120882195742243,0.011263088803542765,0.005938858027898952,0.017857153308495466
2025-02-07,229.1499938964844,234.80999755859372,228.05999755859372,232.5,77539300,233.13999938964844,1.7412199866636124,2.9456688543702194,-1.440862840221762,236.65899810791015,228.81633402506512,234.67412467092458,231.05992610832317,3.614198562601416,4.011624661444039,-0.39742609884262325,53.72994866688514,42940150.0,1.805752890942393,-0.04053095448794497,-0.05333389982780734,-0.03588858567045061
2025-02-10,233.13999938964844,233.9199981689453,229.1999969482422,230.5500030517578,35419900,232.75999450683597,-0.16299428832774718,2.024535143287255,1.1233989605756711,236.43099822998047,228.95266723632812,234.43810539688212,231.21400561064354,3.2240997862385825,3.8541196864029486,-0.630019900164366,52.875733054425346,41539310.0,0.8526838794385366,0.017412199866636113,-0.012829736218778143,-0.018027119923787027
2025-02-11,232.75999450683597,233.44000244140625,230.1300048828125,231.9199981689453,23713700,228.92999267578125,-1.6454725560419412,1.4220646316850374,0.36219228377138335,235.89199829101562,229.14300028483072,234.17993449072117,231.3285233066578,2.8514111840633802,3.6535779859350352,-0.802166801871655,47.06496114242311,39751960.0,0.5965416548014236,-0.0016299428832774465,-0.025415598030738895,-0.03842023938509942
2025-02-12,228.92999267578125,231.17999267578125,228.16000366210935,230.4600067138672,32285200,230.3699951171875,0.6290143220533067,1.3191757787494969,-0.6638956840722308,235.07799682617187,229.31566670735677,233.37225113457657,231.1508543710373,2.221396763539275,3.3671417414558835,-1.1457449779166087,42.22753549085989,40371310.0,0.7997065242619078,-0.01645472556041938,-0.0009600751759240023,-0.030655906970812108
2025-02-13,230.3699951171875,230.4199981689453,227.5200042724609,228.8500061035156,31346500,228.67999267578125,-0.7336035409240507,1.2588418448371275,0.6641856994246125,234.65099639892577,229.6179997762044,232.9103655934398,231.0930129448262,1.8173526486135927,3.0571839228874254,-1.2398312742738327,44.74423803427252,40303890.0,0.7777537106219772,0.006290143220533118,-0.011881291411652617,-0.035422713432174624
2025-02-14,228.67999267578125,229.88999938964844,227.22999572753903,229.1999969482422,27031100,226.6499938964844,-0.8877028355405563,1.1631991198638498,-0.22687795784672918,233.7509963989258,229.92766621907552,232.25953899072312,230.9142707026747,1.345268288048402,2.7148007959196208,-1.3695325078712188,42.295376489816135,39395980.0,0.6861385349469666,-0.007336035409240549,-0.017528793294995904,-0.002051063640505557
2025-02-18,226.6499938964844,229.3000030517578,223.72000122070312,228.82000732421875,42975100,226.6300048828125,-0.008819331220027654,2.461946605479807,-0.9483495141487429,232.6739959716797,230.14199930826823,231.39653205314792,230.59839834666062,0.798133706487306,2.3314673780331576,-1.5333336715458517,36.64033722484371,39964900.0,1.0753210942602134,-0.008877028355405603,-0.009959371214962931,-0.027837374582459495
2025-02-19,226.6300048828125,226.8300018310547,223.7100067138672,225.5200042724609,28566700,222.8800048828125,-1.6546793977871894,1.3766911044284758,0.49219607543575117,231.13099670410156,230.22333272298178,230.66322018078864,230.30444327526448,0.3587769055241665,1.9369292835313594,-1.5781523780071929,37.565507730802715,39850190.0,0.7168522910430289,-8.81933122002243e-05,-0.016234710742049963,-0.026336096273809728
2025-02-20,222.8800048828125,225.1300048828125,221.80999755859372,224.77999877929688,30001700,216.5800018310547,-2.826634473141848,1.489594064736492,-0.8452682208393054,229.80199737548827,230.06566619873047,229.46580244263845,229.7544848758236,-0.2886824331851585,1.4918069401880558,-1.7804893733732143,36.42033062586752,38977630.0,0.7697158600971891,-0.016546793977871843,-0.025362900029439306,-0.02642723970876526
2025-02-21,216.5800018310547,223.30999755859372,214.7400054931641,223.27999877929688,55323900,212.7100067138672,-1.7868663239768217,3.956963705316955,-3.000715238656401,227.57699737548828,229.88133290608724,227.48337157931786,228.77859724287777,-1.2952256635599042,0.9344004194384639,-2.229626082998368,27.34108136150566,38420310.0,1.439964956034972,-0.028266344731418536,-0.04442970366912469,-0.05986019698059175
2025-02-24,212.7100067138672,217.72000122070312,212.4199981689453,217.4499969482422,42387600,212.8000030517578,0.0423094048469878,2.491656661403457,-2.179806990525376,225.93299865722656,229.56733296712238,225.2105462154024,227.58833127776586,-2.377785062363472,0.2719633230780767,-2.6497483854415487,25.373744427365153,34905140.0,1.2143655633525607,-0.017868663239768212,-0.061421691166371195,-0.06983551894964435
2025-02-25,212.8000030517578,213.33999633789065,204.16000366210935,211.6300048828125,58958000,214.3500061035156,0.7283848822975759,4.31390627073841,0.5528507971226407,223.8989990234375,229.36266632080077,223.30123188253398,226.49289955732084,-3.1916676747868564,-0.42076287649490995,-2.7709047982919466,17.930745449540453,37258950.0,1.5823849034929862,0.000423094048469963,-0.045226137877889205,-0.06110739562186862
2025-02-26,214.3500061035156,218.16000366210935,213.08999633789065,214.94000244140625,39120600,208.7400054931641,-2.617215045770645,2.3652937624691486,-0.274493501065019,222.05800018310546,229.22566630045574,221.92412022422346,225.5934259681501,-3.6693057439266283,-1.0704714499812538,-2.598834293945375,23.570755032570844,38799640.0,1.0082722417012118,0.007283848822975836,-0.010296406448821682,-0.05418522929321179
2025-02-27,208.7400054931641,219.97000122070312,208.3699951171875,218.3500061035156,40548600,212.27999877929688,1.695886362448483,5.557155216178964,-4.401190905300725,220.03900146484375,228.925,219.89579488098357,224.34502445148445,-4.449229570500876,-1.7462230740851783,-2.7030064964156972,15.984638408532433,39625980.0,1.0232832096518496,-0.02617215045770649,-0.01866391375767973,-0.06344220692692037
2025-02-28,212.27999877929688,212.6199951171875,206.9900054931641,208.6499938964844,51771700,205.0200042724609,-3.420008737791652,2.6521526551716224,1.739757962616281,218.2300018310547,228.55599975585938,218.72413394226254,223.4513188461372,-4.727184903874672,-2.3424154400430774,-2.384769463831595,27.855084353991003,41668500.0,1.2424661314902143,0.016958863624484843,-0.0024436290648663928,-0.019854109407165255
2025-03-03,205.0200042724609,214.00999450683597,202.5500030517578,213.3500061035156,42948400,203.8000030517578,-0.5950644792113937,5.589694281660643,-3.904383216662784,215.86400299072267,228.0346664428711,216.6158063007546,222.08603628512415,-5.470229984369553,-2.967978348908373,-2.50225163546118,16.00579657105068,43260230.0,0.9927917627807342,-0.03420008737791658,-0.04352694922037448,-0.03615251844616174
2025-03-04,203.8000030517578,206.8000030517578,197.42999267578125,200.1100006103516,60853100,208.3600006103516,2.2374865016246854,4.597649772162623,1.843987022213491,213.57900390625,227.29666646321616,214.64414426244738,220.7315153048748,-6.087371042427407,-3.5918568876121797,-2.495514154815227,15.687199027486713,45048030.0,1.35084930461998,-0.005950644792113935,-0.023665815423043357,-0.042293232476180886
2025-03-05,208.3600006103516,209.97999572753903,203.25999450683597,204.8000030517578,38610100,200.6999969482422,-3.6763311766514004,3.2251877524563657,1.7382800320047274,211.75200347900392,226.55166625976562,213.6773529313557,219.81510680898418,-6.137753877628484,-4.101036285615441,-2.0367175920130425,26.042391234419966,46052370.0,0.8383955049436109,0.022374865016246748,-0.018466168228222113,-0.027944974679736
2025-03-06,200.6999969482422,205.7700042724609,198.3000030517578,204.3999938964844,49863800,199.25,-0.7224698407026494,3.721973758987903,-1.8101746862654158,209.53400268554688,225.40799967447916,211.6808366262613,218.39917274522554,-6.718336118964231,-4.6244962522852,-2.0938398666790317,19.816875824448374,48038580.0,1.0379948782832464,-0.03676331176651404,-0.021071150298473618,-0.03851685509889091
2025-03-07,199.25,202.2700042724609,192.52999877929688,199.4900054931641,59802800,194.5399932861328,-2.3638678614138957,4.8883339990785615,-0.12030953258573907,207.8010025024414,224.20233306884765,209.76840022222112,216.98071550483849,-7.212315282617368,-5.142060058351634,-2.0702552242657344,19.914118958096452,48486470.0,1.2333915007629963,-0.007224698407026442,-0.022325824257236504,-0.06138118925110747
2025-03-10,194.5399932861328,196.72999572753903,190.8500061035156,195.6000061035156,62350900,196.58999633789065,1.0537694677220744,3.022509420659353,-0.5419288263323485,205.98400115966797,222.8586659749349,207.42556838589985,215.31843978493436,-7.8928713990345045,-5.692222326488208,-2.2006490725462964,18.87961582974978,50482800.0,1.2350919521104218,-0.02363867861413893,-0.06632754503616656,-0.05111701671999147
2025-03-11,196.58999633789065,200.17999267578125,193.3999938964844,193.8999938964844,54002900,198.88999938964844,1.16994918083453,3.4488015186915555,1.3873143507381112,204.36300048828124,221.5643325805664,205.75855730159074,213.93114767774594,-8.172590376155199,-6.188295936421607,-1.984294439733592,21.98805363627052,49987290.0,1.0803326205521444,0.010537694677220655,-0.02047832921199022,-0.035377853807176285
2025-03-12,198.88999938964844,201.5200042724609,195.2899932861328,200.72000122070312,43679300,193.88999938964844,-2.5139524437347016,3.132390268714711,-0.9117187225614332,202.81699981689454,220.25566609700522,204.70185608436887,212.81698854529427,-8.115132460925395,-6.573663241322365,-1.5414692196030302,27.007852851100566,50443160.0,0.8659112553614802,0.011699491808345286,-0.001806778471024173,-0.045450188102143185
2025-03-13,193.88999938964844,198.8800048828125,191.82000732421875,198.1699981689453,41270800,197.9499969482422,2.0939695556110816,3.6412386305730604,-2.159761224626979,201.33199920654297,218.8163324991862,203.03849351595034,211.41498934857978,-8.376495832629445,-6.934229759583781,-1.4422660730456638,27.69804932245809,50515380.0,0.8169947449667804,-0.025139524437347016,-0.003341183915475665,-0.033931229009186104
2025-03-14,197.9499969482422,198.6499938964844,195.32000732421875,197.41000366210935,38096700,195.7400054931641,-1.1164392468548212,1.6822362331919318,0.2735389676893495,199.8989990234375,217.59333241780598,202.25564789014908,210.41758250411033,-8.16193461396125,-7.179770730459275,-0.9821638835019755,35.5464057272161,49147880.0,0.775144319551525,0.02093969555611075,0.006917954299231033,-0.0065244820665385506
2025-03-17,195.7400054931641,199.0,194.32000732421875,198.7700042724609,47341800,192.82000732421875,-1.491773825993541,2.390922930644697,-1.5243742587757327,198.97099914550782,216.1953328450521,201.25324136753602,209.33035457737356,-8.077113209837535,-7.359239226334927,-0.7178739835026073,33.96013547557044,49587220.0,0.9547177680055466,-0.011164392468548168,-0.015837869707632457,0.006168460205847159
2025-03-18,192.82000732421875,194.0,189.3800048828125,192.5200042724609,40414900,195.5399932861328,1.4106347155876415,2.3960143873551316,0.15582954763145876,197.8729995727539,214.7086664835612,199.95582074548722,208.1073658919547,-8.15154514646747,-7.517700410361437,-0.6338447361060329,30.26580788522928,47543400.0,0.8500633105751797,-0.014917738259935365,-0.005518552110980179,-0.019176911765094062
2025-03-19,195.5399932861328,195.97000122070312,191.9600067138672,193.3800048828125,39442900,194.9499969482422,-0.30172668413017995,2.0507285693562087,1.116965740397647,196.59099884033202,213.15799967447916,199.2764626748173,207.17644940263455,-7.899986727817236,-7.594157673852598,-0.3058290539646382,37.224139499549246,47626680.0,0.8281681612071218,0.014106347155876442,-0.012174810301914363,-0.016843512060918497
2025-03-20,194.9499969482422,199.32000732421875,192.3000030517578,193.07000732421875,38921100,196.2100067138672,0.646324588535143,3.600925561606804,0.973734683122691,196.01599884033203,211.78399963378905,198.61085256303653,206.27078625786476,-7.659933694828226,-7.607312878047724,-0.05262081678050201,32.21103438726897,46532410.0,0.8364299205650427,-0.003017266841301769,-0.004036009618634151,0.005467004806491094
2025-03-21,196.2100067138672,196.9900054931641,192.5200042724609,192.8999938964844,60056900,203.25999450683597,3.5930826928973945,2.2781718912133666,1.7159216807228261,195.71199951171874,210.36333312988282,198.2414916631643,205.52554332867976,-7.284051665515449,-7.542660635541269,0.2586089700258203,39.686256940767635,46557820.0,1.2899422696337586,0.006463245885351521,0.017581159946479463,-0.008790049311442782
2025-03-24,203.25999450683597,203.63999938964844,199.9499969482422,200.0,41625400,205.7100067138672,1.205358788371326,1.8154100861604368,1.6299972534179827,196.58399963378906,209.50033315022787,199.0135690237292,205.35772489743206,-6.344155873702874,-7.30295968317359,0.9588038094707159,49.44374867184978,44485270.0,0.9357119783694693,0.03593082692897398,0.039480420812976647,0.038418252797762786
2025-03-25,205.7100067138672,206.2100067138672,203.22000122070312,203.6000061035156,31171200,201.1300048828125,-2.226436090406264,1.4535051264292735,1.0363460447436388,197.49600067138672,208.58600006103515,200.04379020682734,205.38381984679762,-5.3400296399702825,-6.910373674532929,1.5703440345626465,47.146247776745085,42202100.0,0.7386172726001786,0.012053587883713357,0.05519369035169408,0.0668499061301997
2025-03-26,201.1300048828125,206.00999450683597,199.92999267578125,205.83999633789065,32855300,201.3600006103516,0.114351773457718,3.0229213361761724,-2.288180887521298,197.72000122070312,207.53166707356772,200.21090015697888,205.068722442058,-4.8578222850791235,-6.499863396642168,1.6420411115630449,50.49597234761887,41119700.0,0.7990160434049859,-0.022264360904062586,0.02507516436773849,0.02858756156598541
2025-03-27,201.3600006103516,203.7899932861328,199.27999877929688,200.88999938964844,27317700,192.72000122070312,-4.290822091507432,2.2397668321242974,0.2339594913291497,198.46700134277344,206.6126673380534,200.38768484211315,204.79400230637606,-4.406317464262912,-6.081154210166318,1.6748367459034057,52.50415515073901,39724390.0,0.6876807925810818,0.0011435177345771042,-0.009347603797266069,0.032880244998471087
2025-03-28,192.72000122070312,199.25999450683597,191.8800048828125,198.4199981689453,52548200,190.25999450683597,-1.2764667384211756,3.829384380073709,-2.8726927733306944,197.94400177001953,205.3576675415039,199.20804120805008,203.89963185558548,-4.691590647535406,-5.803241497640136,1.1116508501047297,48.024323963496826,41169540.0,1.276385405326365,-0.04290822091507429,-0.06314717354140453,-0.017787092267182558
2025-03-31,190.25999450683597,191.3300018310547,184.3999938964844,188.19000244140625,63547600,192.1699981689453,1.0038913682617188,3.6423883815056515,1.0999479454676222,197.39600067138673,204.0770009358724,197.83141863863253,202.8892883482707,-5.057869709638169,-5.654167140039743,0.5962974304015738,43.18915026546098,42790120.0,1.4850998314564203,-0.01276466738421178,-0.054044698016638026,-0.06395749459475064
2025-04-01,192.1699981689453,193.92999267578125,187.1999969482422,187.8600006103516,41267300,196.00999450683597,1.9982288465833984,3.5021053190740106,2.2942603771908163,197.33099975585938,202.92766774495442,196.96043087406528,202.09526685350585,-5.134835979440567,-5.550300907919908,0.41546492847934147,42.708329883989464,42875360.0,0.9624945423198779,0.010038913682617112,-0.045639662363677225,-0.06582085510188806
2025-04-02,196.00999450683597,198.33999633789065,187.66000366210935,187.66000366210935,53679200,178.41000366210938,-8.979129298487267,5.448698012900987,4.449531430128911,197.37799987792968,201.90700073242186,196.81420989449154,201.6445059389377,-4.830296044446158,-5.406299935225158,0.5760038907790008,52.359746130611505,44298990.0,1.2117477170472735,0.019982288465834053,0.017071363975164955,-0.025456223595080596
2025-04-03,178.41000366210938,184.1300048828125,176.9199981689453,183.0,95553600,171.0,-4.153356599971366,4.04125697319205,-2.5081947201588113,195.7240005493164,200.42466735839844,193.98279355104813,199.92343169620966,-5.940638145161529,-5.513167577212433,-0.4274705679490962,33.287717035220794,49962240.0,1.9125163323341787,-0.08979129298487265,-0.06228314510069444,-0.1139749547014175
2025-04-04,171.0,178.13999938964844,166.0,167.14999389648438,123159400,175.25999450683594,2.491224857798794,7.099414847747624,2.3033241065506265,193.2029998779297,198.90533396402995,190.4469791585792,197.7809552742682,-7.3339761156889836,-5.877329284907743,-1.4566468307812404,30.56863807732512,56272490.0,2.1886253833800495,-0.041533565999713695,-0.11016286814101861,-0.1127023717472343
2025-04-07,175.25999450683594,183.41000366210935,161.3800048828125,162.0,109327100,170.66000366210938,-2.624666774451566,12.569895851752738,8.18518179434317,190.4029998779297,197.65700022379556,188.11051998138794,196.1127359581621,-8.002215976774153,-6.302306623281025,-1.699909353493128,36.49229466184052,63042660.0,1.7341765084150955,0.024912248577988017,-0.10586194878586341,-0.0788394850892371
2025-04-08,170.66000366210938,185.8999938964844,168.57000732421875,185.22999572753903,87710400,191.1000061035156,11.97703152630624,10.154685456691649,-7.865892350859386,186.89799957275392,196.25233357747396,185.4258251630374,194.2273483806767,-8.8015232176393,-6.80214994215268,-1.9993732754866196,31.399526402523193,68696580.0,1.276779717418247,-0.026246667744515673,-0.043439268207615345,-0.11193211589628849
2025-04-09,191.1000061035156,192.6499938964844,169.92999267578125,172.1199951171875,116804300,181.22000122070312,-5.170070417193311,11.889063576688804,11.027197028099845,185.8949996948242,195.47733357747396,186.29877607695713,193.9956933971833,-7.696917320226163,-6.981103417767377,-0.7158139024587857,47.78047328814515,77091480.0,1.5151388973204303,0.11977031526306248,0.11754389534219656,-0.02504968389838469
2025-04-10,181.22000122070312,186.8699951171875,175.85000610351562,185.44000244140625,68302000,184.8699951171875,2.014123094524838,6.081000408034938,-2.275669308210091,183.88099975585936,194.56000010172525,185.51742609907188,193.04934582855515,-7.531919729483263,-7.0912666801105555,-0.4406530493727079,42.139482468553844,81189910.0,0.8412621716171381,-0.051700704171933065,0.03400665811178438,0.01575022420780625
2025-04-11,184.8699951171875,185.8600006103516,178.0,179.92999267578125,50594300,182.1199951171875,-1.4875318183769077,4.251636727403603,2.745513612234576,183.09599914550782,193.64633331298828,185.41782133262814,192.4434679980835,-7.025646665455355,-7.078142677179516,0.05249601172416085,39.99999999999998,80994520.0,0.624663248822266,0.020141230945248445,0.0832649194313424,0.08111108255665211
2025-04-14,182.1199951171875,187.44000244140625,179.22999572753906,186.83999633789065,48002500,179.58999633789062,-1.3891933050343617,4.508020499662517,-2.526226350469024,182.28199920654296,192.88299967447918,184.91046345332958,191.6787663032023,-6.768302849872725,-7.0161747117181585,0.2478718618454332,37.21408374057904,79440010.0,0.6042610014777189,-0.014875318183769082,-0.04699116012306026,0.0391418511090047
2025-04-15,179.58999633789062,182.3500061035156,177.92999267578125,181.41000366210935,43642000,174.3300018310547,-2.928890591956743,2.4611690616766246,-1.0032563185482488,181.0239990234375,192.07599945068358,184.09193005095437,190.78330186132737,-6.691371810372999,-6.951214131449127,0.25984232107612826,38.05985980181163,79677480.0,0.5477331863407326,-0.013891933050343641,-0.008994619091892364,0.05232621870477505
2025-04-16,174.3300018310547,179.10000610351562,171.41000366210938,176.2899932861328,51875300,172.61000061035156,-0.9866352335440224,4.411175563950676,-1.1117996084422679,178.8559997558594,190.94166615804036,182.59009494020057,189.56453889612197,-6.9744439559214015,-6.955860096343583,-0.018583859577818274,35.80804141392905,79497090.0,0.6525433824055699,-0.029288905919567454,-0.05701300137673293,-0.08775512159521803
2025-04-17,172.61000061035156,176.2100067138672,172.0,176.0,44726500,167.32000732421875,-3.0647084568839094,2.439028271236047,-1.9261360168457031,178.2759994506836,190.00533294677734,181.0546958125315,188.30864717125007,-7.253951358718581,-7.015478348818583,-0.2384730098999981,38.61397087473085,74414380.0,0.6010464644064762,-0.009866352335440198,-0.052218288830485626,-0.04751131526517138
2025-04-21,167.32000732421875,169.60000610351562,165.2899932861328,169.60000610351562,48126100,173.17999267578125,3.502262189247643,2.5759100099913512,-1.3443388545076314,177.90800018310546,188.94099985758464,178.94166681432952,186.75393310850703,-7.812266294177505,-7.174835937890368,-0.6374303562871368,37.41496871980656,66911050.0,0.7192548913819168,-0.030647084568839134,-0.06832222987847514,-0.09493151001515399
2025-04-22,173.17999267578125,176.77999877929688,169.35000610351562,169.85000610351562,56607200,180.6000061035156,4.284567352780594,4.290329708981628,1.9605454534020765,177.7,188.22899983723957,178.05525540839903,185.74845603941623,-7.693200631017191,-7.278508876515733,-0.4146917545014581,40.01471481422346,61639060.0,0.9183657245908682,0.03502262189247651,-0.006596736896658406,-0.049088527789898584
2025-04-23,180.6000061035156,187.3800048828125,180.19000244140625,183.4499969482422,63470100,186.5399932861328,3.289029336584052,3.9811750821786314,-1.5535518627076759,178.69400024414062,187.6960001627604,178.44675551534004,185.36708937749768,-6.920333862157634,-7.206873873644113,0.2865400114864798,42.191145507532326,59215030.0,1.0718579387699374,0.042845673527805994,0.04628935441116533,0.0056239756457519
2025-04-24,186.5399932861328,186.7400054931641,180.17999267578125,180.9199981689453,43763200,188.9900054931641,1.3133978209558612,3.516679025135628,3.106342678568612,178.23799896240234,187.28433329264323,179.69186901853894,185.4539711485077,-5.762102129968753,-6.917919524909042,1.1558173949402892,54.671872766794365,51910920.0,0.8430441995634059,0.032890293365840595,0.11486962180602345,0.07003953035525678
2025-04-25,188.9900054931641,189.94000244140625,185.4900054931641,187.6199951171875,36414300,187.6999969482422,-0.6825802991833682,2.354620254457381,0.7302048884080197,179.01499938964844,187.12100016276042,181.12235155309665,185.71589961848224,-4.5935480653855905,-6.453045233004351,1.8594971676187608,60.962834561382685,48722150.0,0.7473869687606151,0.013133978209558528,0.09129237490488595,0.09489603629507326
2025-04-28,187.6999969482422,190.22000122070312,184.88999938964844,190.1100006103516,33224700,187.38999938964844,-0.16515586767922594,2.8396387414563584,-1.2676890507453806,179.2979995727539,186.77933349609376,182.13429699850366,185.86286979105705,-3.7285727925533934,-5.908150744914161,2.1795779523607672,57.86545558530047,46985190.0,0.7071313322346893,-0.006825802991833663,0.03931334775624018,0.12180246672194306
2025-04-29,187.38999938964844,188.0200042724609,183.67999267578125,183.9900054931641,41667300,184.4199981689453,-1.584930482083768,2.316031597638932,1.8479231452659906,179.825,186.5009999593099,182.94286659714132,185.9759905020638,-3.0331239049224905,-5.3331453769158275,2.300021471993337,61.18464850206174,46351670.0,0.8989384848485502,-0.0016515586767922308,0.004556696333808619,0.08205339712925408
2025-04-30,184.4199981689453,185.0500030517578,178.85000610351562,182.1699981689453,55176500,190.1999969482422,3.1341496782804845,3.3618897135886705,1.2351100744444974,180.30800018310546,186.22099965413412,183.17011760818806,185.86073181072172,-2.690614202533652,-4.804639142039393,2.1140249395057404,44.17305577524751,47505120.0,1.1614853304233312,-0.015849304820837684,-0.02418121165875131,0.021151671851219023
2025-05-01,190.1999969482422,191.80999755859372,187.5,190.6300048828125,74266000,189.97999572753903,-0.11566836184704085,2.2660345045991623,-0.22557201046847514,181.8949996948242,186.04299977620443,184.25163750665794,186.18215885794544,-1.9305213512874957,-4.229815583889014,2.299294232601518,58.43667615204317,49744190.0,1.4929582731169209,0.031341496782804956,0.013319126481868615,0.019620477076437437
2025-05-02,189.97999572753903,192.8800048828125,186.3999938964844,191.44000244140625,77903500,186.3500061035156,-1.910722026349242,3.4108912159475167,-0.7626445336648373,183.63199920654296,185.87733306884766,185.1329233867935,186.46348010754497,-1.3305567207514741,-3.649963811261506,2.319407090510032,55.131553825469915,53061890.0,1.4681629320026106,-0.0011566836184704332,0.013821422414891593,0.005238320575691846
2025-05-05,186.3500061035156,188.17999267578125,185.52999877929688,186.50999450683597,35217500,185.00999450683597,-0.7190832051463778,1.4220519504637577,-0.0857800697187332,185.53499908447264,185.54866638183594,185.3201668816738,186.45507462576504,-1.1349077440912367,-3.146952597827452,2.0120448537362154,54.17407974444,51771030.0,0.6802549611240108,-0.01910722026349243,0.010465285509883904,-0.007192279524111278
2025-05-06,185.00999450683597,187.92999267578125,183.8500061035156,184.57000732421875,29314100,188.7100067138672,1.999898555153197,2.2052790083807614,0.23838498410217165,186.71799926757814,184.9403330485026,185.27244805477568,186.3480316539925,-1.0755835992168272,-2.7326787981053275,1.6570951988885003,55.47695901065805,49041720.0,0.5977380075576468,-0.007190832051463758,-0.027287079519872637,-0.012700810558538
2025-05-07,188.7100067138672,190.9900054931641,185.00999450683597,185.55999755859372,43948600,192.0800018310547,1.7858062621434154,3.1688891810572386,1.6975690863968658,187.52899932861328,184.37366638183593,185.80130323309743,186.52299276953877,-0.721689536441346,-2.330480945772531,1.608791409331185,65.00417451311677,47089570.0,0.9332979681063132,0.0199989855515319,-0.006684856522963689,0.02326216564101591
2025-05-08,192.0800018310547,194.3300018310547,188.82000732421875,191.42999267578125,41043600,193.05999755859372,0.5102018524557264,2.868593530982102,0.33955450041432994,188.08300018310547,184.071999613444,186.7672568635524,186.9346230703918,-0.16736620683940373,-1.8978579979859056,1.7304917911465019,69.63889282218295,46817610.0,0.8766701247671549,0.01785806262143419,0.030748567426158946,0.009884358112393077
2025-05-09,193.05999755859372,194.69000244140625,191.16000366210935,193.3800048828125,29663100,208.63999938964844,8.070031092964342,1.828446505716726,-0.1654810818795364,188.48999938964843,183.7953328450521,187.73537081663568,187.38835451396233,0.34701630267335304,-1.4488831378540539,1.795899440527407,78.4356878927637,46142490.0,0.6428586753770765,0.005102018524557161,0.04351117934582893,0.016212242869359184
2025-05-12,208.63999938964844,211.66000366210935,205.75,210.7100067138672,75205000,211.3699951171875,1.3084718824412103,2.832632131613478,-0.9823963068966669,190.58399963378906,184.32599945068358,190.95146752017612,188.9625504306798,1.9889170894963115,-0.7613230923839809,2.7502401818802924,82.24808092649502,50340520.0,1.4939257679499536,0.08070031092964336,0.10561174270954399,0.11961359031966423
2025-05-13,211.3699951171875,214.83999633789065,210.1000061035156,211.0800018310547,56193700,210.25,-0.529874222008925,2.2425085602841204,0.1373854858902829,192.98199920654298,185.0296661376953,194.09277945817786,190.6223611481989,3.470418309978953,0.08502518808860593,3.3853931218903472,80.59254701277928,51793160.0,1.0849637288012548,0.01308471882441209,0.10042686954521929,0.142478792459926
2025-05-14,210.25,211.92999267578125,208.8500061035156,211.4499969482422,38492100,205.1699981689453,-2.4161720956264863,1.4649163245020944,-0.567508614595023,195.56499938964845,185.63233286539713,196.57850569538127,192.0762603224064,4.502245372974869,0.9684692250658585,3.5337761479090104,76.07213340747396,50124720.0,0.7679264841778667,-0.005298742220089303,0.08903969055624339,0.1141433549880213
2025-05-15,205.1699981689453,206.8800048828125,202.6699981689453,206.4499969482422,64347300,205.58999633789065,0.20470740005539084,2.0519602044352006,-0.6200042616700913,197.06199951171874,185.9376663208008,197.90027376823727,193.04616682955745,4.85410693867982,1.7455967677886508,3.108510170891169,66.81911707137874,49132850.0,1.3096594233796737,-0.024161720956264898,-0.01663152430432424,0.06814866833145916
2025-05-16,205.58999633789065,206.8500061035156,204.3699951171875,206.8500061035156,43318500,206.16000366210935,0.2772544065236892,1.2062897176437304,-0.6091417589779458,198.6229995727539,186.84366607666016,199.08330800972243,193.97533938573028,5.10796862399215,2.418071139029351,2.689897484962799,68.93923460511462,45674350.0,0.9484207219150355,0.002047074000553817,-0.027345408112879555,0.06490209747098996
2025-05-19,206.16000366210935,206.6199951171875,201.25999450683597,201.6499938964844,34314800,204.07000732421875,-1.013773913836383,2.5999226402500604,2.236553385635174,200.60399932861327,188.01566619873046,200.17203041778197,194.87790710990652,5.294123307875452,2.9932815727985713,2.300841735076881,69.76205738190826,45584080.0,0.7527803566508308,0.0027725440652368594,-0.019453014686756975,-0.011886482624587913
2025-05-20,204.07000732421875,205.58999633789065,202.6499938964844,204.6300048828125,29470400,201.1199951171875,-1.445588328099769,1.4406832635308748,-0.27366346343706993,202.51000061035157,188.9759999593099,200.7717191726184,195.55880342207777,5.212915750540617,3.4372084083469803,1.7757073421936367,71.07917710572764,45599710.0,0.6462848118990231,-0.0101377391383638,-0.005361363038180578,-0.03453653764301545
2025-05-21,201.1199951171875,203.4600067138672,200.05999755859372,201.6100006103516,42460900,203.1000061035156,0.9844923599835982,1.6905376083031263,-0.24304622373922644,203.7509994506836,189.9913330078125,200.82530008716748,195.97074354764146,4.8545565395260155,3.7206780345827877,1.1338785049432278,62.47144205966404,45450940.0,0.9342139018466945,-0.014455883280997672,-0.0217423089660288,-0.04342451787306778
2025-05-22,203.1000061035156,205.75999450683597,200.16000366210935,201.3800048828125,38938900,200.9900054931641,-1.038897364324098,2.757257841672554,0.8541072494779228,204.85299987792968,190.3913330078125,201.17525485891335,196.4988370702988,4.676417788614543,3.911825985389139,0.7645918032254042,64.4049226154637,45240470.0,0.8607094488629318,0.009844923599835909,-0.014842828406275155,-0.010089155743546852
2025-05-23,200.9900054931641,202.3699951171875,197.8500061035156,198.8999938964844,33393500,206.0200042724609,2.5026113945093127,2.2488625753212554,1.0507851487252504,205.64600067138673,191.05033315022786,201.14675495649038,196.83151621273328,4.3152387437571065,3.9925085370627325,0.322730206694374,66.62879125320606,45613510.0,0.7320966967900518,-0.010388973643240984,-0.015092868724022046,-0.022374584983047563
2025-05-27,206.0200042724609,206.69000244140625,202.19000244140625,203.08999633789065,34892000,204.72000122070312,-0.631008166584898,2.184253910629359,1.4427140614525689,205.38400115966797,191.75533345540364,201.89648562048586,197.51214495789827,4.38434066258759,4.0708749621677045,0.31346570041988553,72.01844486433728,41582210.0,0.8391088400544368,0.02502611394509313,0.02436361015431765,-0.0006790812338065555
2025-05-28,204.72000122070312,207.66000366210935,204.41000366210935,205.9199981689453,28549800,205.6999969482422,0.4787005283780531,1.587534183578019,-0.5827491059210579,204.71900177001953,192.5086669921875,202.3308726359039,198.04606023662456,4.284812399279332,4.113662449590031,0.1711499496893012,67.66717057812652,38817820.0,0.7354817967624148,-0.00631008166584901,0.007976342040885376,0.0031851515320999724
2025-05-29,205.6999969482422,208.80999755859372,204.22999572753903,208.02999877929688,34650000,205.00999450683597,-0.3354411529621163,2.2265444331567483,-1.1200316515535975,204.26400146484374,193.37900034586588,202.8491994531867,198.61301851155918,4.236180941627538,4.1381661479975325,0.09801479363000531,65.86671814551029,38433610.0,0.901554654897107,0.004787005283780621,0.023433958536999366,0.022772483801951404
2025-05-30,205.00999450683597,205.9900054931641,201.6999969482422,204.83999633789065,51679400,206.6499938964844,0.7999607012299844,2.0925850738359273,0.08299071079111651,204.2480010986328,194.40166676839192,203.18162946144042,199.08686858528338,4.094760876157039,4.129485093629434,-0.034724217472394514,64.01594100653568,37166820.0,1.3904713935709323,-0.0033544115296211263,-0.004902483956311432,0.009404176986321122
2025-06-02,206.6499938964844,207.0,202.67999267578125,204.97999572753903,29113300,205.7100067138672,-0.4548692041520584,2.090494774649129,0.8147127542948842,204.3540008544922,195.536333211263,203.71522398990874,199.64710008981677,4.068123900091962,4.11721285492194,-0.04908895482997799,46.53188521185453,35746300.0,0.8144423338918994,0.007999607012299847,0.009427474913409117,0.02816054653778699
2025-06-03,205.7100067138672,208.9499969482422,205.02999877929688,207.1100006103516,33139100,207.22999572753903,0.7388989179248235,1.9055943031482387,-0.6759663426964571,204.30900115966796,196.81599985758464,204.0221136397485,200.0962042841909,3.9259093555576214,4.078952155049077,-0.15304279949145538,39.47957903908225,35628730.0,0.930122965370924,-0.00454869204152053,4.8661962924079205e-05,-0.0015046963992086937
2025-06-04,207.22999572753903,208.17999267578125,205.17999267578125,206.5500030517578,29915600,207.91000366210935,0.32814165352026087,1.4476668734502736,0.3292145561531787,204.625,197.95099995930988,204.51563396094707,200.62463327999444,3.8910006809526294,4.041361860229788,-0.15036117927715864,44.46885726214865,35673250.0,0.8386003518042231,0.00738898917924824,0.010828746305971082,0.012260621785215475
2025-06-05,207.91000366210935,212.80999755859372,207.55999755859372,209.5500030517578,51864200,213.57000732421875,2.722333491613955,2.5251310218493295,-0.7826291413813028,205.3040008544922,198.86133321126303,205.0378446842028,201.1642903453363,3.873554338866512,4.007800355957134,-0.13424601709062145,55.982542353117566,36613580.0,1.4165290583439258,0.0032814165352026414,0.006097313345463373,0.010743834451408585
2025-06-06,213.57000732421875,213.8699951171875,210.5,212.3999938964844,39832500,216.97999572753903,1.5966607137600601,1.5779346357709958,0.5508537953652514,206.3510009765625,199.76233367919923,206.3504850903591,202.08323234377204,4.267252746587047,4.059690834083117,0.2075619125039303,64.17911661743088,36702940.0,1.0852672837652788,0.027223334916139486,0.038209131076858416,0.041754124417077376
2025-06-09,216.97999572753903,217.8500061035156,212.8800048828125,214.75,38102500,217.6100006103516,0.2903515970217142,2.2905342974307676,1.0384147741741718,207.95,200.6953333536784,207.985794419156,203.18669629812516,4.799098121030852,4.2075722914726645,0.5915258295581873,67.46286887930643,37173840.0,1.0249815461625702,0.015966607137600564,0.04704917338713388,0.04998791258725688
2025-06-10,217.6100006103516,217.69000244140625,214.1499938964844,216.77999877929688,31303300,213.1999969482422,-2.026562956546227,1.6267673980942265,0.3828774959537381,209.10899963378907,201.6923334757487,209.4664415254938,204.25508921014193,5.21135231535186,4.408328296248504,0.803024019103356,72.93358964511448,36814970.0,0.8502872608615463,0.0029035159702170965,0.04665478705876258,0.057848395839278366
2025-06-11,213.1999969482422,218.3999938964844,212.88999938964844,217.41000366210935,39326000,213.2400054931641,0.018765734284516035,2.584425227817244,-1.9364365222173479,209.95699920654297,202.55266672770182,210.0408346674551,204.91767496851975,5.123159698935353,4.551294576785875,0.5718651221494788,69.49645496612585,37892590.0,1.0378282402971135,-0.020265629565462295,-0.0017325015839646518,0.028808576672232133
2025-06-12,213.2400054931641,213.5800018310547,211.3300018310547,211.77999877929688,27640000,212.1000061035156,-0.534608591390718,1.0551491005622438,0.6893978290125209,210.71100006103515,203.51333363850912,210.53301479448726,205.5341438962712,4.998870898216069,4.640809841071913,0.35806105714415537,67.45868067140802,37191590.0,0.743178767027707,0.0001876573428452044,-0.017236567001647662,0.025636100895447766
2025-06-13,212.1000061035156,214.0500030517578,209.6199951171875,209.9600067138672,29337800,216.1000061035156,1.885902821732026,2.088641116025354,1.0192414370441478,211.4200012207031,204.2433339436849,210.77409038049163,206.02050405977076,4.753586320720871,4.663365137001705,0.09022118371916577,69.78981786751962,34957430.0,0.8392436171652207,-0.005346085913907173,-0.025320502235106734,-0.00688299466353226
2025-06-16,216.1000061035156,217.05999755859372,211.6000061035156,212.30999755859372,33284200,214.82000732421875,-0.59231778951626,2.5266040263148795,1.7851295692638787,212.36500244140626,205.11400095621744,211.59346203018762,206.7671338407889,4.826328189398737,4.695957747481112,0.13037044191762526,68.63906126822907,35374520.0,0.9409088801770313,0.018859028217320217,0.013602294544016402,-0.004055625593837875
2025-06-17,214.82000732421875,217.41000366210935,214.55999755859372,215.1999969482422,32086300,212.5200042724609,-1.0706651956707847,1.3266949103182142,-0.17657510660412737,213.2760025024414,206.06300099690756,212.0898536138847,207.36364298770962,4.726210626175089,4.702008323219907,0.024202302955181665,68.6898782571767,35269240.0,0.9097530879599334,-0.005923177895162612,0.007409500048551232,-0.012821071082705249
2025-06-18,212.5200042724609,217.9600067138672,212.33999633789065,215.08999633789065,44360500,209.69000244140625,-1.331640209938289,2.644461821472302,-1.1948449993892207,213.80500335693358,206.9800013224284,212.15603063828104,207.745595675469,4.410434962812047,4.643693651138335,-0.2332586883262877,62.03247742678838,36713730.0,1.2082809346802954,-0.010706651956707836,0.001980189329840565,-0.003189459125303662
2025-06-20,209.69000244140625,214.88999938964844,208.2700042724609,214.67999267578125,75350700,208.47000122070312,-0.5818118205440101,3.1570389814065436,-2.3243853198332705,213.98300323486328,207.67933451334636,211.7766416849157,207.88962580627916,3.8870158786365323,4.492358096637975,-0.6053422180014429,57.67717944648827,39062380.0,1.9289838458383743,-0.013316402099382896,-0.02966220953755483,-0.016647922342468924
2025-06-23,208.47000122070312,210.38999938964844,207.30999755859372,209.7899932861328,37311700,212.7700042724609,2.06264835543674,1.4774316750705911,-0.6291968671877256,213.4730026245117,208.22566782633464,211.26792776734453,207.93261657771797,3.335311189626566,4.260948715235694,-0.9256375256091278,53.02729120431748,38810300.0,0.9613865391403829,-0.005818118205440093,-0.02955965872364874,-0.017114591128492673
2025-06-24,212.7700042724609,214.33999633789065,211.0500030517578,212.13999938964844,38378800,211.9900054931641,-0.3665924536515011,1.5462674343512568,0.296975999163321,213.0520034790039,208.8826680501302,211.49901646043935,208.29094159214335,3.208074868295995,4.050373945847754,-0.8422990775517594,60.562529506249085,38837930.0,0.9881783091941306,0.02062648355436747,0.0011763598483627291,-0.015409540661741383
2025-06-25,211.9900054931641,216.02999877929688,211.1100006103516,214.6199951171875,31755700,217.1199951171875,2.419920510917121,2.3208632678222827,-1.2254168688184777,212.49000396728516,208.99433492024738,211.5745532347047,208.56494632555228,3.00960690915241,3.842220538508686,-0.8326136293562758,57.28275151070316,38883170.0,0.8166952437262702,-0.0036659245365150417,0.01096858708082915,-0.013173828016789235
2025-06-26,217.1199951171875,218.0399932861328,212.00999450683597,213.1199951171875,50480800,223.3000030517578,2.8463559660798348,2.777265528235775,1.8768769198781818,212.8820037841797,209.18600158691407,212.42769813970204,209.1986536434512,3.22904449625085,3.719585330057119,-0.4905408338062687,62.402356913426445,39998650.0,1.262062594612568,0.024199205109171285,0.041492751215206125,0.021644978130290093
2025-06-27,223.3000030517578,223.3000030517578,216.7400054931641,219.9199981689453,119217100,219.38999938964844,-1.7510092291414303,2.937750769789827,1.5369247503430488,213.88800354003905,209.62100168863932,214.10036043386447,210.2431980440665,3.8571623897979634,3.747100742005288,0.11006164779267547,62.92163793030078,49156360.0,2.4252629771610428,0.028463559660798277,0.04949005295790099,0.06490533860408831
2025-06-30,219.38999938964844,223.82000732421875,219.1199951171875,223.5200042724609,58887800,220.4600067138672,0.487719279454648,2.1423092301868216,-1.8477115264270396,214.61700286865235,210.09500172932943,214.91415104244663,210.92073888448,3.9934121579666453,3.7963630251975595,0.19704913276908576,53.15858731301499,52111360.0,1.1300376731676165,-0.017510092291414314,0.03490727725238418,0.05238162855568129
2025-07-01,220.4600067138672,221.8800048828125,217.92999267578125,219.5,39256800,219.9199981689453,-0.24494626166946762,1.7917137289022815,0.43736068968892367,215.0530029296875,210.59066874186198,215.76735960728055,211.62735131628645,4.140008290994103,3.8650920783568687,0.27491621263723465,53.69267183227123,52708620.0,0.7447889927681658,0.00487719279454657,0.015383251988730695,0.03614232404469431
2025-07-02,219.9199981689453,221.6000061035156,219.05999755859372,219.72999572753903,30894200,223.41000366210935,1.5869432167250965,1.1549693370634753,0.086470871114874,215.56300201416016,211.04933522542316,216.4062270783059,212.24162145352042,4.16460562478548,3.924994787642591,0.2396108371428891,59.67741226643792,52589410.0,0.5874604792105483,-0.002449462616694653,-0.015136609210117502,0.037407389359386256
2025-07-03,223.41000366210935,224.00999450683597,221.3600006103516,221.82000732421875,29632400,223.47000122070312,0.026855359030618954,1.1861572235110336,0.716795728694847,216.652001953125,211.69400177001953,217.48373116812184,213.06890902452702,4.414822143594819,4.022960258833036,0.3918618847617825,63.321968202418425,51116600.0,0.5797020928622013,0.015869432167251007,0.0183235529588619,0.028970194760399304
2025-07-07,223.47000122070312,224.2899932861328,222.3699951171875,223.0,36604100,219.3600006103516,-1.839173306439651,0.8591749042186144,0.2107628792390695,218.03000183105468,212.43900197347006,218.40469579159588,213.83936029831784,4.565335493278042,4.131435305722038,0.433900187556004,65.32756387787722,47241940.0,0.7748221178046456,0.0002685535903061975,0.013653245101922673,0.0007612994474788248
2025-07-08,219.3600006103516,224.0,218.42999267578125,223.9199981689453,45692000,222.5399932861328,1.4496684294917703,2.5392082917216685,-2.036440512630431,219.11900177001954,212.9810017903646,218.55166576371215,214.24829661772773,4.303369145984419,4.165822073774514,0.13754707220990525,54.38170981168135,48079970.0,0.9503333716722369,-0.018391733064396565,-0.0025463694218637034,-0.00013673722312002035
2025-07-09,222.5399932861328,224.2899932861328,220.47000122070312,221.07000732421875,38155100,222.25999450683597,-0.12581953255334002,1.7165418264923276,0.664941382011264,220.09600067138672,213.69933471679687,219.1652546133153,214.86249637094292,4.302758242372391,4.19320930749409,0.1095489348783012,59.87209941700535,48057600.0,0.7939451824477294,0.014496684294917683,-0.0038942319579043927,0.009434756912464426
2025-07-10,222.25999450683597,222.7899932861328,219.6999969482422,221.5500030517578,30370600,225.0200042724609,1.2417933203629474,1.390262041869882,0.3204655586993097,221.1229995727539,214.24066772460938,219.6413684430877,215.41045919582388,4.230909247263838,4.200749295448039,0.03015995181579889,63.13374561124853,47919090.0,0.6337891641932265,-0.0012581953255333955,-0.005414627051763099,0.0106402162485153
2025-07-11,225.0200042724609,226.67999267578125,222.3699951171875,223.5800018310547,50518300,225.69000244140625,0.29775049161144235,1.9153841777440714,0.6440658509763948,221.91300048828126,214.9173344930013,220.4688508783759,216.12227734964884,4.346573528727049,4.2299141421038415,0.11665938662320752,70.71060722188402,47922840.0,1.0541591441575666,0.012417933203629383,0.025802350685452335,0.007206483970997768
2025-07-14,225.69000244140625,226.66000366210935,224.2400054931641,225.07000732421875,35702600,226.3500061035156,0.2924381474454975,1.0722664463498055,0.27546767539505257,222.1520004272461,215.58366800944012,221.27210496499595,216.83099772681607,4.441107238179882,4.27215276131905,0.16895447686083198,73.61490790326133,39571390.0,0.9022326483856139,0.0029775049161144818,0.014154800262006217,0.00993422476652972
2025-07-15,226.3500061035156,227.2700042724609,225.4600067138672,226.1999969482422,34907300,223.19000244140625,-1.396069616478913,0.7996454648938528,0.06631704566633276,222.8480010986328,216.2950017293294,222.0533205247682,217.53610945842345,4.517211066344743,4.3211644223241885,0.19604664402055416,70.68859306343938,37173340.0,0.9390412591389421,0.0029243814744550622,0.018401924312806628,0.0318654516489556
2025-07-16,223.19000244140625,226.1000061035156,222.17999267578125,225.8800048828125,39535900,223.8800048828125,0.3091547264028528,1.7563570880660133,-1.1908988769509876,223.12100067138672,216.8463353474935,222.22819466578943,217.95491634605182,4.273278319737614,4.311587201806874,-0.038308882069260086,65.90907416069145,37201250.0,1.0627572998219146,-0.013960696164789121,-0.008132618417511228,0.0029208644508120774
2025-07-17,223.8800048828125,224.5,222.50999450683597,223.32000732421875,31855800,226.1300048828125,1.0050026580880849,0.8888714712176643,0.2507601380205664,223.51700134277343,217.452001953125,222.4823193145622,218.3938117932193,4.088507521342905,4.26697126571408,-0.17846374437117518,60.98829797260769,37297410.0,0.8541022017346512,0.0030915472640284936,-0.00801983933277528,0.007288807774746386
2025-07-18,226.1300048828125,226.3999938964844,222.97999572753903,225.13999938964844,37833800,229.3000030517578,1.4018476542235527,1.5124035267755453,0.4397288335471059,223.78900146484375,218.08200225830078,223.04350170967763,218.96686313318918,4.076638576488449,4.228904727868954,-0.15226615138050548,55.27394412776196,38117550.0,0.9925559224031975,0.010050026580880944,-0.0009719514679512598,0.004932897472562425
2025-07-21,229.3000030517578,229.69000244140625,225.6499938964844,225.83999633789065,40297600,227.47000122070312,-0.798081904360733,1.7618876978426956,1.5320610919114912,224.37200164794922,218.79500223795574,224.00604037768997,219.732280904935,4.273759472754961,4.237875676846156,0.03588379590880475,68.99193840812816,38486900.0,1.0470471770914258,0.014018476542235536,0.027375780919916437,0.015995394440605715
2025-07-22,227.47000122070312,230.0,226.3500061035156,229.67999267578125,37483700,228.2899932861328,0.3604836070819241,1.6046045091207395,-0.9622046001184669,225.18300170898436,219.25833536783855,224.5389574304612,220.3054453727697,4.233512057691513,4.237002953015228,-0.0034908953237149376,63.05398310907392,37666070.0,0.9951582418871945,-0.007980819043607368,0.01603535938714029,0.004948067536942435
2025-07-23,228.2899932861328,228.7899932861328,227.08999633789065,228.47000122070312,28294900,232.22999572753903,1.7258761037624297,0.7446655561951971,-0.0787884333210223,225.75800170898438,219.63533528645834,225.11603986979532,220.89689336635215,4.21914650344317,4.233431663100816,-0.014285159657646318,65.42571620119784,36680050.0,0.7713975308103451,0.003604836070819184,0.009551976105248272,0.022850444862849262
2025-07-24,232.22999572753903,236.0,228.63999938964844,229.1699981689453,42902300,231.44000244140625,-0.3401771091877528,3.169272163698695,1.3352522507496272,226.7550018310547,220.12266845703124,226.2104946171405,221.73638243014378,4.474112186996734,4.28156776788,0.19254441911673403,65.98983226951523,37933220.0,1.1309954704609837,0.01725876103762425,0.0127779879493497,0.0372967244176059
2025-07-25,231.44000244140625,232.47999572753903,231.17999267578125,232.22000122070312,28712100,232.7899932861328,0.5833005662313454,0.5617019694280838,-0.3358878542746884,227.39700164794922,220.7306686401367,227.01503428241216,222.4551690976447,4.55986518476746,4.3372272512574925,0.22263793350996774,64.07630149774391,35752600.0,0.8030772587168485,-0.003401771091877559,0.017452856198172828,0.023482056533566054
2025-07-28,232.7899932861328,234.2899932861328,232.25,233.3500061035156,26300100,231.00999450683597,-0.7646371539299668,0.8763234438627109,-0.23998834486182044,228.10700073242188,221.38233489990233,227.9034895137538,223.22071163012532,4.682777883628489,4.406337377731692,0.27644050589679736,76.28179861494337,34812350.0,0.7554818907657771,0.005833005662313484,0.019711770696667408,0.01522019270792252
2025-07-29,231.00999450683597,234.72000122070312,230.30999755859372,234.1499938964844,33716200,230.19000244140625,-0.3549595623255387,1.909009898694623,-1.341020487507082,228.5729995727539,222.01266784667968,228.38141335884336,223.7976955469187,4.583717811924657,4.441813464570285,0.14190434735437218,67.53623884339001,34693240.0,0.9718377413006107,-0.007646371539299701,-0.005253417918219427,0.01556246215824375
2025-07-30,230.19000244140625,231.8000030517578,229.2899932861328,231.63999938964844,32993300,234.1100006103516,1.702940235183827,1.09040781050598,-0.6259700190221056,229.27299957275392,222.48233439127605,228.6596578330838,224.2711997613252,4.388458071758606,4.4311423860079495,-0.04268431424934338,66.05915765754912,34038980.0,0.969279925544185,-0.0035495956232554082,-0.0054009677964658165,0.008322787731182002
2025-07-31,234.1100006103516,236.52999877929688,231.3999938964844,235.7700042724609,104357300,214.75,-8.269617085933046,2.191279684523498,-0.7040775467734997,230.2959991455078,223.12533416748047,229.49817210650963,224.99999982421605,4.498172282293581,4.444548365265076,0.053623917028504664,67.58221455117292,41289130.0,2.527476360000804,0.017029402351838252,0.005670378290686617,0.008095443816044545
2025-08-01,214.75,220.44000244140625,212.8000030517578,217.2100067138672,122258800,211.6499938964844,-1.443541840985144,3.557624861303114,-1.132547598098359,229.15799865722656,223.19966735839844,227.229222551662,224.24074057797785,2.988481973684145,4.15333508694889,-1.164853113264745,37.71889555638079,49731630.0,2.4583710608319094,-0.08269617085933045,-0.07038654124704902,-0.07211373256717657
2025-08-04,211.6499938964844,217.44000244140625,211.4199981689453,217.3999938964844,77890100,213.75,0.9922070229506765,2.8443205509399885,-2.6448942784873664,227.39299774169922,223.26500040690104,224.83241814317313,223.308092675645,1.524325467528115,3.6275331630647356,-2.1032076955366206,34.35502520397033,53490880.0,1.4561379435148571,-0.014435418409851408,-0.08054219709060173,-0.09081146097059367
2025-08-05,213.75,216.3000030517578,212.8699951171875,213.0500030517578,51505100,222.30999755859372,4.004677220394724,1.6046820746527777,0.3285599334500512,226.0209976196289,223.44100036621094,223.1274307365311,222.60008581078242,0.5273449257486789,3.007495515601524,-2.4801505898528453,39.72124787167725,54893020.0,0.9382814062698682,0.009922070229506863,-0.08696766715334991,-0.0747153582843153
2025-08-06,222.30999755859372,222.6499938964844,213.7400054931641,214.6999969482422,54823000,223.1300048828125,0.3688576011983676,4.007911700404714,3.544481005365864,225.422998046875,223.75900014241537,223.00167178607919,222.5785977921018,0.42307399397739687,2.4906112112766987,-2.067537217299302,48.540613528954516,57545830.0,0.952684147574203,0.040046772203947256,0.03520371389333521,-0.034232611317767114
2025-08-07,223.1300048828125,226.22000122070312,220.82000732421875,221.0,40603500,222.69000244140625,-0.19719555047620715,2.420111046616273,0.9638031143947963,224.51299896240235,224.13033345540364,223.02141533942276,222.61944276178406,0.401972577638702,2.0728834845490995,-1.6709109069103976,47.13521692199014,57315950.0,0.7084153712884459,0.0036885760119835798,0.05424054484945007,-0.04690101105853228
2025-08-08,222.69000244140625,223.8000030517578,221.8800048828125,223.13999938964844,32970500,221.3000030517578,-0.6241858073597945,0.8621842686676061,-0.2016657477247726,223.63799896240235,224.31600036621094,222.9704287397279,222.62466940471904,0.34575933500886435,1.7274586546410524,-1.381699319632188,43.340719330765296,57741790.0,0.5709989246956148,-0.001971955504762035,0.041824572825292394,0.03697323604845759
2025-08-11,221.3000030517578,223.0500030517578,220.3999938964844,221.77999877929688,31646200,221.47000122070312,0.07681796954406421,1.197473618946866,-0.21642877183741333,222.48899993896484,224.24933369954428,222.7134401723479,222.52654597116634,0.18689420118155908,1.4193457639491538,-1.2324515627675947,43.7284003083399,58276400.0,0.543036289132479,-0.006241858073597895,-0.004543180774268629,0.04559418584246755
2025-08-12,221.47000122070312,223.5,219.0500030517578,222.22999572753903,37185800,224.55999755859372,1.3952211680404063,2.0093000964982157,-0.34198556515641854,221.53500061035157,224.31866709391275,222.52214187209486,222.44828339705796,0.07385847503690002,1.150248306166703,-1.076389831129803,42.97487329136274,58623360.0,0.6343171049902292,0.0007681796954406295,-0.007439625446076681,0.03611696477521931
2025-08-13,224.55999755859372,224.9199981689453,222.0,222.0,36508300,230.97999572753903,2.8589233339611893,1.300319825744301,1.1531520534205955,220.9720001220703,224.45533345540363,222.83565813155622,222.60470666828283,0.23095146327338512,0.9663889375880395,-0.7354374743146543,41.95848162049726,58974860.0,0.6190485233877622,0.013952211680404059,0.008397301615188146,0.010121002315278016
2025-08-14,230.97999572753903,233.1100006103516,227.0200042724609,227.3999938964844,61545800,231.02999877929688,0.02164821745724849,2.636590376023022,1.5743192291747803,220.65899963378905,224.8240000406901,224.08863314632282,223.22509845044996,0.8635346958728576,0.9458180892450032,-0.08228339337214563,49.56863580052419,54693710.0,1.125281133790339,0.02858923333961183,0.043741493638919104,0.035181242652010614
2025-08-15,231.02999877929688,234.0800018310547,229.80999755859372,232.5800018310547,39649200,231.4900054931641,0.19911124801877383,1.8482466757661649,-0.6664386617744243,222.28699951171876,225.0779998779297,225.15653555139573,223.80323921554972,1.3532963358460108,1.027313738565205,0.3259825972808059,48.3083483638162,46432750.0,0.8539059176981764,0.00021648217457248542,0.043166106045517516,0.03745114844158759
2025-08-18,231.4900054931641,231.91000366210935,228.3300018310547,230.22999572753903,25248900,228.00999450683597,-1.5033093886340116,1.5465038429749298,0.5472830599867575,224.27100067138673,225.3453333536784,226.13091554243704,224.37262931018782,1.758286232249219,1.1735082373020078,0.5847779949472112,50.47338350173174,41168630.0,0.613304353338938,0.0019911124801876845,0.03086038479654918,0.04604610167593637
2025-08-19,228.00999450683597,230.52999877929688,227.1199951171875,230.08999633789065,29891000,223.80999755859372,-1.842023178556905,1.4955500830061814,-0.9039948994567208,225.6970001220703,225.6336664835612,226.420004613883,224.64206376919878,1.777940844684224,1.294394758778451,0.48354608590577297,47.95726512101937,39007220.0,0.766294034796635,-0.01503309388634011,-0.012858261648798552,0.02952992843313118
2025-08-20,223.80999755859372,227.2700042724609,220.9199981689453,227.1199951171875,36604300,221.9499969482422,-0.8310623433453118,2.8372307639443846,-1.4573783153200197,225.8470001220703,225.6759999593099,226.0184650669154,224.5804292350799,1.4380358318355206,1.3231229733898648,0.1149128584456558,40.39895851142114,37185350.0,0.9843742226441327,-0.018420231785569063,-0.031251358087052705,-0.003339864660464764
2025-08-21,221.9499969482422,222.77999877929688,220.5,222.6499938964844,32140500,228.83999633789065,3.1043025385826812,1.0272578556640222,-0.3143934279951798,225.72899932861327,225.66566670735676,225.39254689481183,224.38558239901784,1.0069644957939943,1.259891277870691,-0.2529267820766967,59.961249294376586,36339050.0,0.8844617567052523,-0.008310623433453124,-0.04121131935954625,-0.03909428931650216
2025-08-22,228.83999633789065,229.13999938964844,220.82000732421875,222.7899932861328,37315300,227.94000244140625,-0.39328522587263526,3.6357246104587917,2.7155631913807383,226.34399871826173,225.79299977620443,225.92292373220857,224.71553898708248,1.2073847451260917,1.2493899713217713,-0.04200522619567959,71.52515960003879,36773530.0,1.0147326079383732,0.031043025385826706,0.0036401993379715503,-0.009479299021675214
2025-08-25,227.94000244140625,229.6000061035156,227.30999755859372,227.3500061035156,22633700,228.7100067138672,0.33781006590050955,1.0046540845811125,0.2595101482522151,227.00799865722655,225.8679997762044,226.2332435336236,224.9543881318472,1.2788554017764113,1.2552830574126994,0.023572344363711917,68.31913041080125,35872280.0,0.6309523676777724,-0.003932852258726305,0.01845317424540549,-0.015335448475172653
2025-08-26,228.7100067138672,229.0,226.0200042724609,227.1100006103516,26105400,229.1199951171875,0.17926124405795577,1.3029581741332734,0.7045071107461698,227.73199920654298,225.94666646321613,226.61428402289184,225.2325821008857,1.3817019220061297,1.2805668303313855,0.10113509167474422,60.34260745628635,34764240.0,0.7509268144507114,0.0033781006590050122,0.030457354622993815,0.0030700943989112606
2025-08-27,229.1199951171875,229.8699951171875,227.80999755859372,228.57000732421875,21254500,231.6000061035156,1.0824070527147363,0.8990911323737398,0.24062115559571692,228.18799896240233,226.1443328857422,226.99977803739884,225.52053862061177,1.4792394167870668,1.3203013476225218,0.158938069164545,59.810007327017864,33238860.0,0.6394473215988755,0.0017926124405795996,0.0012235569995526774,0.023725470785564973
2025-08-28,231.6000061035156,232.7100067138672,228.0200042724609,229.00999450683597,33679600,229.0,-1.1226278216735026,2.0250441786733124,1.1309600710908356,228.25,226.40166625976562,227.70750543218603,225.9708695452713,1.736635886914712,1.40356825548096,0.33306763143375195,63.678234047377586,30452240.0,1.105981037848119,0.0108240705271474,0.016056872961779378,0.04347830271664188
2025-08-29,229.0,231.80999755859372,228.16000366210935,231.32000732421875,26199200,225.33999633789065,-1.5982548742835574,1.5938837975914302,-1.00294278521573,228.0470001220703,226.49733276367186,227.90635075031125,226.19524957895493,1.7111011713563187,1.4650748386560317,0.24602633270028695,61.39726724145328,29107240.0,0.9000922107351985,-0.011226278216735053,0.0012679518937517287,0.0006991944794174643
2025-09-02,225.33999633789065,226.1699981689453,221.8300018310547,223.5200042724609,38843900,225.9900054931641,0.2884570719078064,1.9259769274971181,0.814241244918399,227.43199920654297,226.3653325398763,227.51152699455423,226.13189748702425,1.3796295075299838,1.447985772430822,-0.06835626490083824,55.19183403424652,30466740.0,1.274960826133679,-0.015982548742835556,-0.016497900051732683,-0.011406537139894701
2025-09-03,225.9900054931641,227.1699981689453,224.3600006103516,225.2100067138672,29223100,235.67999267578125,4.28779456926482,1.243416739807425,0.34634286046086044,227.2300003051758,226.31599934895834,227.2774467635711,226.1213869689605,1.1560597946105986,1.3896005768667774,-0.2335407822561788,52.05283750565695,30399950.0,0.9612877652759297,0.0028845707190781056,-0.024222799924470073,-0.011892794984287747
2025-09-04,235.67999267578125,235.7700042724609,230.77999877929688,231.19000244140625,59391800,232.3300018310547,-1.4214150326010306,2.11728006120089,1.9421212798823175,228.41699981689453,226.5623326619466,228.57014613468036,226.82943183613241,1.7407142985479425,1.4598233212030105,0.28089097734493196,56.16797153937069,32678700.0,1.8174468384605262,0.042877945692648245,0.029170273693367887,0.02863127487078776
2025-09-05,232.3300018310547,236.0,231.92999267578125,235.19000244140625,36721800,235.83999633789065,1.5107797009309014,1.751821672681934,-1.2160383437489377,229.4550003051758,226.56566619873047,229.1485854725841,227.23688146538592,1.911704007198182,1.5501994584020449,0.361504548796137,51.57005164767243,33136830.0,1.108186872431672,-0.014214150326010255,0.031019817195180543,0.003151967652422316
2025-09-08,235.83999633789065,237.6000061035156,233.75,234.94000244140625,33947100,238.2400054931641,1.0176429751274747,1.6324652999059792,0.3830739282931866,230.15500030517578,226.71233266194662,230.17803329801586,227.8741492337196,2.3038840642962555,1.7009363795808872,0.6029476847153683,54.89312839525244,32800010.0,1.034972245435291,0.015107797009308976,0.043585957809202824,0.02986897964144397
2025-09-09,238.2400054931641,238.8500061035156,235.0800018310547,236.3600006103516,27033800,230.3300018310547,-3.32018279034852,1.5824396346268064,0.7953989160423802,231.18500061035155,226.8939997355143,231.41833671265408,228.6419904381229,2.7763462745311926,1.9160183585709485,0.8603279159602442,61.79388072178267,33240020.0,0.8132907260585283,0.010176429751274751,0.010862240737187223,0.05724686857600836
2025-09-10,230.3300018310547,237.67999267578125,229.1000061035156,237.5200042724609,60907700,229.9499969482422,-0.1649827985028328,3.7250842287402093,-3.027114479653898,231.3470001220703,226.87133331298827,231.2509005770234,228.7670283190808,2.4838722579426076,2.0295891384452807,0.4542831194973269,56.92438829532955,36720250.0,1.6586951341562217,-0.03320182790348525,-0.00860844481658618,0.019204372903216083
2025-09-11,229.9499969482422,231.52999877929688,229.33999633789065,231.4900054931641,37485600,228.1499938964844,-0.7827802024989519,0.9523820267321655,-0.6652591940810075,231.43000030517578,226.86333312988282,231.0507615572109,228.8546556249446,2.196105932266306,2.0628924972094858,0.13321343505682037,58.77192865044729,38343360.0,0.9776295035176886,-0.0016498279850283293,-0.024974556822879967,-0.024312609918575756
2025-09-12,228.1499938964844,230.7899932861328,226.2899932861328,230.3500061035156,38496200,231.42999267578125,1.4376501718360941,1.972386640536895,-0.9550736482475034,231.08499908447266,226.66466623942057,230.6044896094068,228.8024584598735,1.8020311495333203,2.010720227674253,-0.20868907814093252,49.1483556219829,38825020.0,0.9915307191084513,-0.00782780202498956,-0.04235229753203307,-0.017991683818820325
2025-09-15,231.42999267578125,233.72999572753903,230.32000732421875,230.6300048828125,33243300,234.0500030517578,1.1320962964584418,1.473442730518279,0.3468706482381766,231.32799835205077,227.22066599527994,230.73149008115672,228.9970906240148,1.734399457141933,1.955456073567789,-0.22105661642585606,54.068534672909166,39529430.0,0.8409759513354986,0.014376501718361023,0.004775716736777458,-0.018699133864432116
2025-09-16,234.0500030517578,235.8999938964844,232.22999572753903,232.94000244140625,38203900,231.6199951171875,-1.0382430689534923,1.568040214096381,0.47651781519611347,232.1989990234375,227.9673329671224,231.2420305381723,229.37138043347724,1.870650104695045,1.9384948797932404,-0.06784477509819542,55.96780717592484,39465430.0,0.9680345558125174,0.011320962964584513,0.017829989814865943,-0.017587316759554494
2025-09-17,231.6199951171875,234.3000030517578,228.7100067138672,233.7700042724609,42815200,231.22999572753903,-0.1683789818971142,2.413434269810075,-0.919711304264492,232.76199798583986,228.56299947102863,231.30017893494386,229.53794448412245,1.7622344508214098,1.9032427939988743,-0.14100834317746447,52.67322267566356,40824640.0,1.0487587888098953,-0.010382430689534927,0.015209297889692275,0.0056006307292917334
2025-09-18,231.22999572753903,233.47999572753903,228.7899932861328,232.5,37931700,231.47999572753903,0.10811746080494584,2.02828462053535,-0.5462383967574047,232.31699829101564,228.86033274332684,231.28938151842004,229.66328161326442,1.6260999051556269,1.847814216230225,-0.22171431107459805,49.58584045404006,38678630.0,0.9806888196401993,-0.0016837898189711042,-0.0008641790371674007,0.00556642224955084
2025-09-19,231.47999572753903,234.16000366210935,229.6999969482422,232.3699951171875,97943200,227.6300048828125,-1.6632067201427303,1.9267352670581352,-0.38300960035723486,232.23199768066405,229.13866577148437,231.31870678136144,229.7978530291366,1.5208537522248378,1.7824221234291475,-0.26156837120430976,52.930050099423624,44800770.0,2.1861945676380117,0.0010811746080494622,-0.010980590859682393,0.014595669165634595
2025-09-22,227.6300048828125,230.57000732421875,227.50999450683597,230.55999755859372,45914500,220.7100067138672,-3.0400202172414996,1.3442923831408458,-1.270815712529058,231.41099853515624,229.30333251953124,230.7512141815847,229.63727168496445,1.1139424966202398,1.648726198067366,-0.5347837014471262,52.69349331786513,45997510.0,0.9981953370954211,-0.016632067201427292,-0.017226449868269267,-0.016419599504081117
2025-09-23,220.7100067138672,227.8600006103516,220.07000732421875,227.8300018310547,70956200,220.2100067138672,-0.22654160880354185,3.5295152232186475,-3.1251349953757495,229.65799865722656,229.2836659749349,229.20641303270506,228.9759927982165,0.2304202344885482,1.3650650053516027,-1.1346447708630545,44.58794699525717,50389750.0,1.40814749031301,-0.030400202172415014,-0.0454957799941651,-0.05699635190750507
2025-09-24,220.2100067138672,224.55999755859372,219.4499969482422,224.1499938964844,49509000,218.1499938964844,-0.9354764790773061,2.3205124447370284,-1.7577458353341544,228.6459991455078,229.24166615804037,227.82235052211462,228.32666049567212,-0.504309973557497,0.9911900095697829,-1.4954999831272797,30.46226139118953,49249880.0,1.005261332616445,-0.0022654160880354324,-0.04868666503232988,-0.049261672756479635
2025-09-25,218.1499938964844,220.6699981689453,216.47000122070312,220.05999755859372,52226300,219.77999877929688,0.7471945580644547,1.925279425052449,-0.8679467796507431,227.46599884033202,229.0279993693034,226.33429565663306,227.57283334017671,-1.2385376835436546,0.5452444709470954,-1.78378215449075,31.48825651954101,50723950.0,1.0296181586804656,-0.009354764790773018,-0.041646579022868946,-0.05656706341190676
2025-09-26,219.77999877929688,221.0500030517578,218.0200042724609,219.0800018310547,41650100,222.1699981689453,1.0874508157807734,1.3786508308882233,0.31951658863961296,226.62899932861328,228.6546661376953,225.32594229088903,226.9955863356671,-1.6696440447780674,0.10226676780206284,-1.7719108125801302,27.951704859679552,51039340.0,0.8160391572461556,0.007471945580644457,-0.004213709873952309,-0.05054431123289593
2025-09-29,222.1699981689453,222.6000061035156,219.3000030517578,220.0800018310547,44259200,219.57000732421875,-1.170270903431995,1.4853504428839912,0.9496529991375677,225.7029998779297,228.3593327840169,224.84041242597462,226.6381353603544,-1.7977229343797774,-0.2777311726343052,-1.5199917617454721,27.931897502606603,52140930.0,0.8488379474627706,0.01087450815780766,0.008900555811820476,-0.023986322526672543
2025-09-30,219.57000732421875,222.2400054931641,217.88999938964844,222.02999877929688,48396400,220.6300048828125,0.48276063361811955,1.981147678832292,-1.1079545415497727,224.25500030517577,227.96199951171874,224.02958087185834,226.11457032064064,-2.084989448782295,-0.6391828278639031,-1.445806620918392,32.70098534421295,53160180.0,0.9103881890542884,-0.011702709034319914,0.006509344338593737,-0.005165145915320246
2025-10-01,220.6300048828125,222.1499938964844,216.6100006103516,217.3600006103516,43933800,222.41000366210935,0.8067800117406025,2.510988153708004,1.50441859738621,223.15600128173827,227.71599985758465,223.5065691812359,225.70830621413484,-2.201737032898933,-0.9516936688709092,-1.2500433640280237,35.33670870273937,53272040.0,0.824706543995687,0.004827606336181178,0.0038675316600087495,0.0019072619596758322
2025-10-02,222.41000366210935,222.80999755859372,218.9499969482422,221.00999450683597,41258600,219.50999450683597,-1.3039023009410784,1.7355337200640222,0.6334596579658652,222.2740020751953,227.6693333943685,223.337866793678,225.46398750657738,-2.126120712899393,-1.186579077676606,-0.939541635222787,40.96349422318554,53604730.0,0.7696820784285268,0.008067800117405932,0.0010802785936088188,0.019527893123143514
2025-10-03,219.50999450683597,224.1999969482422,219.33999633789065,223.44000244140625,43639000,220.8999938964844,0.6332282923022671,2.214022473678384,-1.7588649711910334,221.077001953125,227.58799997965494,222.74896336493308,225.02295098807804,-2.2739876231449614,-1.4040607867702772,-0.8699268363746842,31.00702594332853,48174310.0,0.9058562540906139,-0.013039023009410733,-0.00027331974031485906,-0.0012285206750413113
2025-10-06,220.8999938964844,221.72999572753903,216.02999877929688,221.0,43690900,221.77999877929688,0.3983725247293801,2.580351790735325,-0.0452516305500437,220.40400085449218,227.32333323160807,222.46450652363328,224.71754675907113,-2.253040235437851,-1.573856676503792,-0.6791835589340589,28.19236291513124,47951950.0,0.9111391716082453,0.00633228292302257,0.0012237184775267806,-0.005716362618390813
2025-10-07,221.77999877929688,222.88999938964844,220.1699981689453,220.8800048828125,31194700,225.22000122070312,1.5510877718191123,1.2264411739896883,0.4074582925520421,220.51100006103516,227.1179997762044,222.3591976398892,224.49995061242117,-2.1407529725319705,-1.6872359357094278,-0.45351703682254274,32.797212870732366,43975800.0,0.709360602877037,0.003983725247293846,-0.0028326283550158537,0.01006508804189643
2025-10-08,225.22000122070312,226.72999572753903,221.19000244140625,222.9199981689453,46686000,227.7400054931641,1.1189078495703857,2.4598140733974585,1.0317616502108078,221.01199951171876,227.0016662597656,222.79932126770672,224.55328769451611,-1.7539664268093986,-1.7005820339294222,-0.05338439287997643,40.5055406503183,43693500.0,1.0684884479384806,0.015510877718191152,0.026012513583700825,0.02080404403892655
2025-10-09,227.7400054931641,228.2100067138672,221.75,225.0,46412100,216.3699951171875,-4.992539782966624,2.836570895780141,1.2177802191840403,221.97100067138672,226.9556666056315,223.55942653316168,224.78934086478634,-1.2299143316246557,-1.606448493468469,0.3765341618438134,44.48704487935581,43112080.0,1.0765451353773698,0.01118907849570383,0.03096429056437633,0.023964757624626465
2025-10-10,216.3699951171875,228.25,216.0,226.2100067138672,72367500,220.07000732421875,1.7100394188331414,5.661598316053626,-4.349945318345845,221.63000030517577,226.4479995727539,222.45336016147334,224.16568562422344,-1.7123254627501012,-1.6276238873247957,-0.08470157542530554,36.41409168669132,46183820.0,1.5669448737674796,-0.04992539782966621,-0.02439355979748703,-0.01430458506776866
2025-10-13,220.07000732421875,220.67999267578125,217.0399932861328,217.6999969482422,37809700,216.38999938964844,-1.672198760437505,1.6540188433246144,1.0886588926044076,221.4200012207031,226.15033315022785,222.0866904942034,223.8623020464453,-1.7756115522419122,-1.6572214203082192,-0.11839013193369308,49.16274384788499,45538870.0,0.8302731271109713,0.017100394188331425,-0.02286650327933204,-0.0037572955871361113
2025-10-14,216.38999938964844,219.32000732421875,212.6000061035156,215.55999755859372,45665600,215.57000732421875,-0.37894175689383264,3.1055045240804326,0.38504446115012786,221.10200042724608,225.85199991861978,221.210276478118,223.30879814594184,-2.0985216678238316,-1.7454814698113417,-0.35304019801249,45.38647070574385,45265790.0,1.0088324980078776,-0.016721987604375044,-0.04983755962830316,-0.024303361075460495
2025-10-15,215.57000732421875,217.7100067138672,212.66000366210935,216.6199951171875,45909500,214.47000122070312,-0.5102778986601825,2.3426278611024967,-0.48471416149775354,220.59600067138672,225.50466664632162,220.34254276213352,222.73555438136978,-2.393011619236262,-1.8749874996963258,-0.518024119539936,46.78786805718086,45463360.0,1.0098131770287107,-0.003789417568938358,-0.003697313911457445,-0.04284696671779131
2025-10-16,214.47000122070312,218.58999633789065,212.80999755859372,215.6699981689453,42414600,213.0399932861328,-0.6667636156250797,2.695015035389005,-0.5564042094080089,219.8020004272461,224.79766693115235,219.43907483268268,222.12329118428337,-2.6842163516006963,-2.0368332700772,-0.6473830815234964,43.30053896628437,45578960.0,0.9305741070002475,-0.00510277898660183,-0.025446475744717922,-0.05826821793441683
2025-10-17,213.0399932861328,214.8000030517578,211.02999877929688,214.55999755859372,45986900,216.47999572753903,1.614721437202626,1.7696227897442085,-0.7084285466799628,219.15500030517578,224.1546666463216,218.45460074859807,221.4504543029389,-2.99585355434084,-2.228637326929928,-0.7672162274109122,38.194990293100986,45813750.0,1.0037794330304766,-0.006667636156250767,-0.015481335149335362,-0.015390312456452837
2025-10-20,216.47999572753903,216.69000244140625,213.58999633789065,213.8800048828125,38882800,222.02999877929688,2.5637486886978027,1.4320058040915953,1.2156306271598887,218.71300048828124,223.50933329264322,218.15081536074283,221.08227218624262,-2.9314568254997937,-2.3692012266439013,-0.5622555988558924,46.08958839175056,45332940.0,0.8577162654793622,0.016147214372026264,0.004221312670605659,-0.01631304347343765
2025-10-21,222.02999877929688,223.32000732421875,217.9900054931641,218.42999267578125,50494600,217.9499969482422,-1.8375903497213038,2.400577336557484,1.6481281070494587,218.73800048828124,222.96899973551433,218.74761280975116,221.1524741560985,-2.4048613463473316,-2.3763332505845876,-0.028528095762744066,51.5908999482589,47262930.0,1.068376421013255,0.025637486886977978,0.035249673686596594,0.026064048271901008
2025-10-22,217.9499969482422,220.00999450683597,216.5200042724609,219.3000030517578,44308500,221.08999633789065,1.4406971477930965,1.6012802400744444,-0.615597849853657,218.01100006103516,222.55633290608725,218.6249026772113,220.91525362218323,-2.2903509449719195,-2.3591367894620543,0.0687858444901348,45.18358472949964,47025180.0,0.9422292482453017,-0.018375903497213075,0.023047332974305723,0.011040448778405043
2025-10-23,221.08999633789065,221.3000030517578,218.17999267578125,219.0,31540000,224.2100067138672,1.4111947295924865,1.4111947295924994,0.9543362273473303,217.34599914550782,222.26099955240886,219.00414785577738,220.92819752705043,-1.9240496712730533,-2.272119365824254,0.34806969455120074,51.69746453253702,45537970.0,0.6926088273148759,0.014406971477930908,0.021295273010600635,0.030866764953179304
2025-10-24,224.2100067138672,225.3999938964844,221.8999938964844,221.97000122070312,38685100,226.97000122070312,1.2309863182682088,1.5610364815102287,1.0091478491892432,218.13000030517577,222.12966664632162,219.80504921856044,221.1712945038517,-1.3662452852912566,-2.090944549717655,0.7246992644263983,53.42863925736231,42169730.0,0.9173665565323752,0.014111947295924798,0.009818528786901926,0.05243153295039771
2025-10-27,226.97000122070312,228.3999938964844,225.5399932861328,227.66000366210935,38267000,229.25,1.0045375014470874,1.2600786865972469,-0.3030846131542351,218.81999969482422,221.9810002644857,220.9073495265824,221.60082833472958,-0.6934788081471766,-1.8114514014035592,1.1179725932563827,55.174473336550406,42215460.0,0.9064688623551657,0.012309863182682124,0.04138565909043335,0.04845715862987543
2025-10-28,229.25,231.4900054931641,226.2100067138672,228.22000122070312,47100000,230.3000030517578,0.458016598367639,2.3031619538917787,0.45131836551906823,220.1059997558594,221.8210001627604,222.1908342148005,222.1674336432681,0.023400571532391723,-1.4444810068163692,1.4678815783487609,54.11307875258673,42358900.0,1.1119268913970854,0.010045375014470892,0.03690806367212773,0.0325181338575784
2025-10-29,230.3000030517578,232.82000732421875,227.75999450683597,231.6699981689453,52036200,222.8600006103516,-3.230569840563202,2.1971397092190195,-0.5913562947362875,221.5789993286133,221.7770004272461,223.43839865125545,222.76984619204512,0.668552459210332,-1.0218743136110289,1.690426772821361,52.69359728784298,42971570.0,1.210944817701564,0.0045801659836763875,0.027162018444888414,0.05666440136013606
2025-10-30,222.8600006103516,228.44000244140625,222.75,227.05999755859372,102252900,244.22000122070312,9.584492754129242,2.5531734837220297,-1.8497300243995225,222.41799926757812,221.4980005900065,223.34941433727022,222.77652429710486,0.5728900401653618,-0.7029214428557508,1.2758114830211125,57.44436708291375,48955400.0,2.0886950162801243,-0.03230569840563202,-0.01810812260759964,0.008005808954629767
2025-10-31,244.22000122070312,250.5,243.97999572753903,250.1000061035156,166340800,254.0,4.0045855091363425,2.6697257554137828,-2.351061471137572,225.53600006103517,221.92266743977865,226.56027385779836,224.36492999514917,2.195343862649196,-0.1232683817547614,2.3186122444039574,69.71427090926396,60990790.0,2.727310139776842,0.09584492754129248,0.06529989627351407,0.08924666119997204
2025-11-03,254.0,258.6000061035156,252.8999938964844,255.3600006103516,95997800,249.32000732421875,-1.8425168014886812,2.24409929410678,-0.5325816913772595,229.28800048828126,222.80166727701823,230.78177018736784,226.56012036587884,4.221649821488995,0.7457152588939899,3.4759345625950053,77.92129820422123,66702290.0,1.4391979645676334,0.04004585509136338,0.10290923419100362,0.11909062269869408
2025-11-04,249.32000732421875,257.010009765625,248.66000366210935,250.3800048828125,51546300,250.1999969482422,0.3529558792604592,3.3491119277311765,-0.4233555147863623,232.01700134277343,223.75533396402994,233.63380666996028,228.2460379183485,5.387768751611787,1.6741259574375496,3.7136427941742376,73.69750708191017,66807460.0,0.7715650318093219,-0.018425168014886806,0.11872927686170942,0.08754637873159754
2025-11-05,250.1999969482422,251.0,246.16000366210935,249.02999877929688,40610700,243.0399932861328,-2.8617121300727013,1.9344509979717877,0.46982217993030817,235.24200134277345,224.75500030517577,236.1824513281575,229.87225710574802,6.3101942224094785,2.6013396104319355,3.708854611977543,75.16551131340572,66437680.0,0.6112600560404878,0.0035295587926045258,0.024486101456264064,0.08640900405030405
2025-11-06,243.0399932861328,250.3800048828125,242.1699981689453,249.16000366210935,46004200,244.41000366210935,0.5636975040414894,3.3780476220641944,-2.456257138395293,237.43700103759767,225.58466695149738,237.23745778323064,230.8476449709617,6.389812812268929,3.3590342507993345,3.030778561469594,69.55161595585614,67884100.0,0.6776874113378538,-0.028617121300727022,-0.043149632731760534,0.09055008803963838
