{"trial_id": "05", "hyperparameters": {"space": [{"class_name": "Int", "config": {"name": "seq_length", "default": null, "conditions": [], "min_value": 20, "max_value": 120, "step": 10, "sampling": "linear"}}, {"class_name": "Int", "config": {"name": "units_1", "default": null, "conditions": [], "min_value": 32, "max_value": 128, "step": 16, "sampling": "linear"}}, {"class_name": "Float", "config": {"name": "drop_1", "default": 0.1, "conditions": [], "min_value": 0.1, "max_value": 0.5, "step": 0.1, "sampling": "linear"}}, {"class_name": "Int", "config": {"name": "units_2", "default": null, "conditions": [], "min_value": 16, "max_value": 64, "step": 16, "sampling": "linear"}}, {"class_name": "Float", "config": {"name": "drop_2", "default": 0.1, "conditions": [], "min_value": 0.1, "max_value": 0.5, "step": 0.1, "sampling": "linear"}}, {"class_name": "Float", "config": {"name": "lr", "default": 0.0001, "conditions": [], "min_value": 0.0001, "max_value": 0.01, "step": null, "sampling": "log"}}], "values": {"seq_length": 80, "units_1": 96, "drop_1": 0.4, "units_2": 48, "drop_2": 0.30000000000000004, "lr": 0.0007159994565305996}}, "metrics": {"metrics": {"val_loss": {"direction": "min", "observations": [{"value": [0.017903970554471016], "step": 0}]}}}, "score": 0.017903970554471016, "best_step": 0, "status": "COMPLETED", "message": null}